grow_type,geography,level,HHI_Canopy,HHI_MaxSqFt
Indoor,CA,Overall,37.82605954697233,25.17017367297809
Indoor,CA,Parent Company,43.567247644313326,30.35603265194831
Indoor,,Overall,186.628516860427,161.11212225616347
Indoor,,Overall,10000.0,10000.0
Indoor,,Overall,4321.398486504549,5214.84375
Indoor,,Overall,1356.32295787038,1024.047373149671
Indoor,,Overall,10000.0,10000.0
Indoor,,Overall,3449.112832075287,3662.551440329218
Indoor,,Overall,1833.8347713834169,1341.496598639456
Indoor,,Overall,5000.11701162809,5555.555555555555
Indoor,,Overall,5206.946436073347,4616.086382266038
Indoor,,Overall,67.4088080876549,52.04475203841612
Indoor,,Overall,3673.5255107978282,2695.1172625913114
Indoor,,Overall,3907.843475820208,3139.9023269175523
Indoor,,Overall,10000.0,10000.0
Indoor,,Overall,4514.062812084172,3850.308641975309
Indoor,,Overall,2402.665563115283,2179.5565170362356
Indoor,,Overall,870.3507984076962,863.5273324075242
Indoor,,Overall,628.8994773280023,236.33148795926672
Indoor,,Overall,171.93186624847172,154.33869318371302
Indoor,,Overall,2760.878870364526,2851.5625
Indoor,,Overall,146.16157843080353,138.81269634792093
Indoor,,Overall,3451.207442412301,2800.0
Indoor,,Overall,1708.447318797945,1400.0
Indoor,,Overall,3777.8346122573803,3662.551440329218
Indoor,,Overall,10000.0,10000.0
Indoor,,Overall,5801.713979155298,5000.0
Indoor,,Overall,3988.379370230608,3398.5260770975055
Indoor,,Overall,2225.3378278243135,1836.7346938775509
Indoor,,Overall,1377.5965930794534,1164.2573696145125
Indoor,,Overall,7849.636884722625,6835.705083169671
Indoor,,Overall,986.5989975740138,716.6906061476587
Indoor,,Overall,3064.8874262001486,2754.3904958677685
Indoor,,Overall,3333.345216853446,3333.3333333333326
Indoor,,Overall,3689.551029293789,2929.9742114659784
Indoor,,Overall,10000.0,10000.0
Indoor,,Parent Company,186.628516860427,161.11212225616347
Indoor,,Parent Company,10000.0,10000.0
Indoor,,Parent Company,4321.398486504549,5214.84375
Indoor,,Parent Company,1356.32295787038,1024.047373149671
Indoor,,Parent Company,10000.0,10000.0
Indoor,,Parent Company,3449.112832075287,3662.551440329218
Indoor,,Parent Company,1233.768155561516,1033.1065759637188
Indoor,,Parent Company,5000.11701162809,5555.555555555555
Indoor,,Parent Company,5206.946436073347,4616.086382266038
Indoor,,Parent Company,80.04213518347778,63.74895500130725
Indoor,,Parent Company,3855.704517239427,3464.0522875817
Indoor,,Parent Company,6496.81824575737,4403.906923297903
Indoor,,Parent Company,10000.0,10000.0
Indoor,,Parent Company,4716.022982866018,3989.197530864198
Indoor,,Parent Company,2402.665563115283,2179.5565170362356
Indoor,,Parent Company,870.3507984076962,863.5273324075242
Indoor,,Parent Company,601.2232626560459,229.48028470067743
Indoor,,Parent Company,196.2872816408024,167.79039778091715
Indoor,,Parent Company,2760.878870364526,2851.5625
Indoor,,Parent Company,185.13650638181923,170.5801006955136
Indoor,,Parent Company,3451.207442412301,2800.0
Indoor,,Parent Company,1708.4473187979447,1400.0
Indoor,,Parent Company,3777.8346122573803,3662.551440329218
Indoor,,Parent Company,10000.0,10000.0
Indoor,,Parent Company,5801.713979155298,5000.0
Indoor,,Parent Company,5505.814258309582,4589.002267573696
Indoor,,Parent Company,2225.3378278243135,1836.7346938775509
Indoor,,Parent Company,1377.5965930794532,1164.2573696145125
Indoor,,Parent Company,7849.636884722625,6835.705083169671
Indoor,,Parent Company,1104.3612250621286,808.6182131571387
Indoor,,Parent Company,3064.8874262001486,2754.3904958677685
Indoor,,Parent Company,3333.345216853446,3333.3333333333326
Indoor,,Parent Company,3689.551029293789,2929.9742114659784
Indoor,,Parent Company,10000.0,10000.0
Mixed_Light,CA,Overall,63.27156619859218,62.768558949344936
Mixed_Light,CA,Parent Company,140.37534803314566,131.56417633642815
Mixed_Light,,Overall,10000.0,10000.0
Mixed_Light,,Overall,698.6260459025948,693.6569220818052
Mixed_Light,,Overall,10000.0,10000.0
Mixed_Light,,Overall,0.0,10000.0
Mixed_Light,,Overall,10000.0,10000.0
Mixed_Light,,Overall,77.90728813883717,79.30108551850594
Mixed_Light,,Overall,4904.470459784803,4872.169466764061
Mixed_Light,,Overall,1468.4815179618004,1374.4709289374025
Mixed_Light,,Overall,10000.0,10000.0
Mixed_Light,,Overall,972.2791981167135,929.5280612244899
Mixed_Light,,Overall,10000.0,10000.0
Mixed_Light,,Overall,69.11682512243182,67.06261541573305
Mixed_Light,,Overall,922.1781073937407,940.8667678576354
Mixed_Light,,Overall,255.97173387227775,257.83747545660174
Mixed_Light,,Overall,1669.5873306457136,1505.6480380499406
Mixed_Light,,Overall,10000.0,10000.0
Mixed_Light,,Overall,6491.122176952869,6073.765615704939
Mixed_Light,,Overall,3676.5698481854597,3670.5664506354688
Mixed_Light,,Overall,3597.0398162643587,3748.6650053399785
Mixed_Light,,Overall,1260.6958745696286,1311.1550808285647
Mixed_Light,,Overall,2452.2334521778607,2466.510781312845
Mixed_Light,,Overall,7082.641718223429,5000.0
Mixed_Light,,Overall,4148.817845204656,4135.776759683466
Mixed_Light,,Overall,77.44040004421224,75.86776908469878
Mixed_Light,,Overall,7235.502647343999,7043.805428648214
Mixed_Light,,Overall,1530.9045525975423,1458.7704779157816
Mixed_Light,,Parent Company,10000.0,10000.0
Mixed_Light,,Parent Company,698.6260459025947,693.6569220818052
Mixed_Light,,Parent Company,10000.0,10000.0
Mixed_Light,,Parent Company,0.0,10000.0
Mixed_Light,,Parent Company,10000.0,10000.0
Mixed_Light,,Parent Company,104.78180387526643,107.0265377905203
Mixed_Light,,Parent Company,9608.940895067153,9474.068663257854
Mixed_Light,,Parent Company,1468.4815179618004,1374.4709289374025
Mixed_Light,,Parent Company,10000.0,10000.0
Mixed_Light,,Parent Company,1141.6257730079742,1085.4237528344672
Mixed_Light,,Parent Company,10000.0,10000.0
Mixed_Light,,Parent Company,273.94892521609773,288.76589552101586
Mixed_Light,,Parent Company,922.1523737380575,940.9788933713376
Mixed_Light,,Parent Company,264.1026142045313,265.7948082382266
Mixed_Light,,Parent Company,1669.5873306457136,1505.6480380499406
Mixed_Light,,Parent Company,10000.0,10000.0
Mixed_Light,,Parent Company,6491.122176952869,6073.765615704939
Mixed_Light,,Parent Company,3676.5698481854597,3670.5664506354688
Mixed_Light,,Parent Company,6346.092852503004,6710.573157707369
Mixed_Light,,Parent Company,1313.8631426786142,1351.9182929532599
Mixed_Light,,Parent Company,2938.5643190865344,2915.351526017629
Mixed_Light,,Parent Company,7082.641718223429,5000.0
Mixed_Light,,Parent Company,4148.817845204657,4135.776759683466
Mixed_Light,,Parent Company,322.4787173361424,307.1741107533157
Mixed_Light,,Parent Company,7235.502647343999,7043.805428648214
Mixed_Light,,Parent Company,1860.128791393397,1792.4122561221961
Outdoor,CA,Overall,113.23503919178256,105.76802757279333
Outdoor,CA,Parent Company,141.94770515673406,132.59004109733004
Outdoor,,Overall,2000.0,2000.0
Outdoor,,Overall,260.85967029163936,237.7605384874886
Outdoor,,Overall,10000.0,10000.0
Outdoor,,Overall,10000.0,10000.0
Outdoor,,Overall,4037.492192294404,5191.928777177583
Outdoor,,Overall,5670.451512894038,4634.75516080054
Outdoor,,Overall,40.860368625738,42.813928235496846
Outdoor,,Overall,8161.836327051823,9002.770083102492
Outdoor,,Overall,10000.0,10000.0
Outdoor,,Overall,9901.346999155598,9906.105375578496
Outdoor,,Overall,504.0237452983613,211.57315787971157
Outdoor,,Overall,363.2876749725299,469.47633484321176
Outdoor,,Overall,60.420739380245465,58.023524469649224
Outdoor,,Overall,2441.1872447916053,2193.689938314285
Outdoor,,Overall,158.1234275032238,181.5303168115491
Outdoor,,Overall,10000.0,10000.0
Outdoor,,Overall,1165.5270976972488,1920.2562180317987
Outdoor,,Overall,10000.0,10000.0
Outdoor,,Overall,10000.0,10000.0
Outdoor,,Overall,10000.0,10000.0
Outdoor,,Overall,1404.9254262935156,1210.3312594338902
Outdoor,,Overall,1283.659043258472,859.5710231583322
Outdoor,,Overall,10000.0,10000.0
Outdoor,,Overall,820.3006630131507,765.6391268637414
Outdoor,,Overall,10000.0,10000.0
Outdoor,,Overall,10000.0,10000.0
Outdoor,,Overall,355.6123387476915,356.55017483953355
Outdoor,,Overall,69.60347729582018,92.55325014081066
Outdoor,,Overall,5555.117718007615,6718.192627824019
Outdoor,,Overall,559.410568896312,509.22487493160014
Outdoor,,Overall,10000.0,10000.0
Outdoor,,Parent Company,2000.0,2000.0
Outdoor,,Parent Company,314.0539159021496,280.82456920012106
Outdoor,,Parent Company,10000.0,10000.0
Outdoor,,Parent Company,10000.0,10000.0
Outdoor,,Parent Company,4037.492192294404,5191.928777177583
Outdoor,,Parent Company,5670.4515128940375,4634.75516080054
Outdoor,,Parent Company,72.09986174326339,79.03982878256608
Outdoor,,Parent Company,8161.836327051823,9002.770083102492
Outdoor,,Parent Company,10000.0,10000.0
Outdoor,,Parent Company,9901.346999155598,9906.105375578496
Outdoor,,Parent Company,525.4872805767268,259.739492886065
Outdoor,,Parent Company,417.88661165823794,517.4745402479095
Outdoor,,Parent Company,221.40489818691916,196.12476370510396
Outdoor,,Parent Company,3803.0114888026756,4235.6957977270795
Outdoor,,Parent Company,163.9317473234556,186.04554924514835
Outdoor,,Parent Company,10000.0,10000.0
Outdoor,,Parent Company,1165.5270976972488,1920.2562180317989
Outdoor,,Parent Company,10000.0,10000.0
Outdoor,,Parent Company,10000.0,10000.0
Outdoor,,Parent Company,10000.0,10000.0
Outdoor,,Parent Company,1404.9254262935156,1210.3312594338902
Outdoor,,Parent Company,1335.645359434271,896.3973264039812
Outdoor,,Parent Company,10000.0,10000.0
Outdoor,,Parent Company,836.9149614333103,854.5579522309525
Outdoor,,Parent Company,10000.0,10000.0
Outdoor,,Parent Company,10000.0,10000.0
Outdoor,,Parent Company,492.93813410551155,478.2167360123721
Outdoor,,Parent Company,553.7997195031977,576.7067725143962
Outdoor,,Parent Company,10000.0,10000.0
Outdoor,,Parent Company,640.5427433890208,631.6464635290417
Outdoor,,Parent Company,10000.0,10000.0
